Название вакансии,название компании,зарплата,ссылка на вакансию
Программист,Счетная палата Города Томска,Не указана,https://tomsk.hh.ru/vacancy/108572455?query=%D0%BF%D1%80%D0%BE%D0%B3%D1%80%D0%B0%D0%BC%D0%BC%D0%B8%D1%81%D1%82&hhtmFrom=vacancy_search_list
Инженер-программист,Латат,Не указана,https://tomsk.hh.ru/vacancy/109807418?query=%D0%BF%D1%80%D0%BE%D0%B3%D1%80%D0%B0%D0%BC%D0%BC%D0%B8%D1%81%D1%82&hhtmFrom=vacancy_search_list
Инженер-программист,"Томская электронная компания , ООО НПП",Не указана,https://tomsk.hh.ru/vacancy/83312825?query=%D0%BF%D1%80%D0%BE%D0%B3%D1%80%D0%B0%D0%BC%D0%BC%D0%B8%D1%81%D1%82&hhtmFrom=vacancy_search_list
Программист,Головное подразделение Сибагро,Не указана,https://tomsk.hh.ru/vacancy/108310940?query=%D0%BF%D1%80%D0%BE%D0%B3%D1%80%D0%B0%D0%BC%D0%BC%D0%B8%D1%81%D1%82&hhtmFrom=vacancy_search_list
Back-end разработчик (PHP),ООО Система,Не указана,https://tomsk.hh.ru/vacancy/108771241?query=%D0%BF%D1%80%D0%BE%D0%B3%D1%80%D0%B0%D0%BC%D0%BC%D0%B8%D1%81%D1%82&hhtmFrom=vacancy_search_list
Программист / Ведущий инженер-программист,ООО ТРАНСМАШ-ТОМСК,Не указана,https://tomsk.hh.ru/vacancy/110192276?query=%D0%BF%D1%80%D0%BE%D0%B3%D1%80%D0%B0%D0%BC%D0%BC%D0%B8%D1%81%D1%82&hhtmFrom=vacancy_search_list
Инженер-программист/инженер-программист АСУ ТП,"АО Спецэлектромеханика, НПО",Не указана,https://tomsk.hh.ru/vacancy/108775596?query=%D0%BF%D1%80%D0%BE%D0%B3%D1%80%D0%B0%D0%BC%D0%BC%D0%B8%D1%81%D1%82&hhtmFrom=vacancy_search_list
Программист поддержки,Головное подразделение Сибагро,Не указана,https://tomsk.hh.ru/vacancy/109253878?query=%D0%BF%D1%80%D0%BE%D0%B3%D1%80%D0%B0%D0%BC%D0%BC%D0%B8%D1%81%D1%82&hhtmFrom=vacancy_search_list
Программист 1С (Инженер-программист),СибГМУ,Не указана,https://tomsk.hh.ru/vacancy/108229103?query=%D0%BF%D1%80%D0%BE%D0%B3%D1%80%D0%B0%D0%BC%D0%BC%D0%B8%D1%81%D1%82&hhtmFrom=vacancy_search_list
Программист,ОГАУЗ Светленская РБ,Не указана,https://tomsk.hh.ru/vacancy/104886437?query=%D0%BF%D1%80%D0%BE%D0%B3%D1%80%D0%B0%D0%BC%D0%BC%D0%B8%D1%81%D1%82&hhtmFrom=vacancy_search_list
Инженер-программист,ООО Encore,Не указана,https://tomsk.hh.ru/vacancy/109220906?query=%D0%BF%D1%80%D0%BE%D0%B3%D1%80%D0%B0%D0%BC%D0%BC%D0%B8%D1%81%D1%82&hhtmFrom=vacancy_search_list
Инженер-программист,Latat,Не указана,https://tomsk.hh.ru/vacancy/106808821?query=%D0%BF%D1%80%D0%BE%D0%B3%D1%80%D0%B0%D0%BC%D0%BC%D0%B8%D1%81%D1%82&hhtmFrom=vacancy_search_list
Программист 1С,ООО Лидерпак,Не указана,https://tomsk.hh.ru/vacancy/109069380?query=%D0%BF%D1%80%D0%BE%D0%B3%D1%80%D0%B0%D0%BC%D0%BC%D0%B8%D1%81%D1%82&hhtmFrom=vacancy_search_list
Программист / Ведущий инженер-программист,ООО ТРАНСМАШ-ТОМСК,Не указана,https://tomsk.hh.ru/vacancy/108737694?query=%D0%BF%D1%80%D0%BE%D0%B3%D1%80%D0%B0%D0%BC%D0%BC%D0%B8%D1%81%D1%82&hhtmFrom=vacancy_search_list
Программист,ООО СИНЕКТА,Не указана,https://tomsk.hh.ru/vacancy/105792744?query=%D0%BF%D1%80%D0%BE%D0%B3%D1%80%D0%B0%D0%BC%D0%BC%D0%B8%D1%81%D1%82&hhtmFrom=vacancy_search_list
Программист,"Компания ЭлеСи, Томск",Не указана,https://tomsk.hh.ru/vacancy/108705790?query=%D0%BF%D1%80%D0%BE%D0%B3%D1%80%D0%B0%D0%BC%D0%BC%D0%B8%D1%81%D1%82&hhtmFrom=vacancy_search_list
Web-разработчик - программист,Redline,Не указана,https://tomsk.hh.ru/vacancy/108745374?query=%D0%BF%D1%80%D0%BE%D0%B3%D1%80%D0%B0%D0%BC%D0%BC%D0%B8%D1%81%D1%82&hhtmFrom=vacancy_search_list
Программист 1С,"ЛАМА, Группа компаний",Не указана,https://tomsk.hh.ru/vacancy/110191921?query=%D0%BF%D1%80%D0%BE%D0%B3%D1%80%D0%B0%D0%BC%D0%BC%D0%B8%D1%81%D1%82&hhtmFrom=vacancy_search_list
Программист 1С,АО Научно-исследовательский институт полупроводниковых приборов,Не указана,https://tomsk.hh.ru/vacancy/109705588?query=%D0%BF%D1%80%D0%BE%D0%B3%D1%80%D0%B0%D0%BC%D0%BC%D0%B8%D1%81%D1%82&hhtmFrom=vacancy_search_list
Программист 1С,АО ТомскНИПИнефть,Не указана,https://tomsk.hh.ru/vacancy/108404165?query=%D0%BF%D1%80%D0%BE%D0%B3%D1%80%D0%B0%D0%BC%D0%BC%D0%B8%D1%81%D1%82&hhtmFrom=vacancy_search_list
Программист 1С,КРОН,Не указана,https://tomsk.hh.ru/vacancy/78000106?query=%D0%BF%D1%80%D0%BE%D0%B3%D1%80%D0%B0%D0%BC%D0%BC%D0%B8%D1%81%D1%82&hhtmFrom=vacancy_search_list
Программист 1С,ООО Стройпарк,Не указана,https://tomsk.hh.ru/vacancy/102569282?query=%D0%BF%D1%80%D0%BE%D0%B3%D1%80%D0%B0%D0%BC%D0%BC%D0%B8%D1%81%D1%82&hhtmFrom=vacancy_search_list
Инженер-программист МИС (медицинских информационных систем),СибГМУ,Не указана,https://tomsk.hh.ru/vacancy/108229060?query=%D0%BF%D1%80%D0%BE%D0%B3%D1%80%D0%B0%D0%BC%D0%BC%D0%B8%D1%81%D1%82&hhtmFrom=vacancy_search_list
Инженер-программист АСУ ТП,Латат,Не указана,https://tomsk.hh.ru/vacancy/109807420?query=%D0%BF%D1%80%D0%BE%D0%B3%D1%80%D0%B0%D0%BC%D0%BC%D0%B8%D1%81%D1%82&hhtmFrom=vacancy_search_list
Программист Backend .NET/ С# + Java,Neo Stack Technology,Не указана,https://tomsk.hh.ru/vacancy/110338822?query=%D0%BF%D1%80%D0%BE%D0%B3%D1%80%D0%B0%D0%BC%D0%BC%D0%B8%D1%81%D1%82&hhtmFrom=vacancy_search_list
Программист C++ middle/senior,АО Научно-производственная фирма Микран,Не указана,https://tomsk.hh.ru/vacancy/110196353?query=%D0%BF%D1%80%D0%BE%D0%B3%D1%80%D0%B0%D0%BC%D0%BC%D0%B8%D1%81%D1%82&hhtmFrom=vacancy_search_list
Инженер-программист C++,АО Научно-производственная фирма Микран,Не указана,https://tomsk.hh.ru/vacancy/110196384?query=%D0%BF%D1%80%D0%BE%D0%B3%D1%80%D0%B0%D0%BC%D0%BC%D0%B8%D1%81%D1%82&hhtmFrom=vacancy_search_list
Программист 1С,ООО ЭЛИТА-ИМУЩЕСТВО,Не указана,https://tomsk.hh.ru/vacancy/108378003?query=%D0%BF%D1%80%D0%BE%D0%B3%D1%80%D0%B0%D0%BC%D0%BC%D0%B8%D1%81%D1%82&hhtmFrom=vacancy_search_list
Ведущий программист C++/Qt,АО Научно-производственная фирма Микран,Не указана,https://tomsk.hh.ru/vacancy/110196380?query=%D0%BF%D1%80%D0%BE%D0%B3%D1%80%D0%B0%D0%BC%D0%BC%D0%B8%D1%81%D1%82&hhtmFrom=vacancy_search_list
Инженер - программист 1С,АО НПЦ Полюс,Не указана,https://tomsk.hh.ru/vacancy/108493874?query=%D0%BF%D1%80%D0%BE%D0%B3%D1%80%D0%B0%D0%BC%D0%BC%D0%B8%D1%81%D1%82&hhtmFrom=vacancy_search_list
Backend Developer,InlyIT,Не указана,https://tomsk.hh.ru/vacancy/104423359?query=%D0%BF%D1%80%D0%BE%D0%B3%D1%80%D0%B0%D0%BC%D0%BC%D0%B8%D1%81%D1%82&hhtmFrom=vacancy_search_list
Backend-разработчик С++,АО ИнфоТеКС,Не указана,https://tomsk.hh.ru/vacancy/110283390?query=%D0%BF%D1%80%D0%BE%D0%B3%D1%80%D0%B0%D0%BC%D0%BC%D0%B8%D1%81%D1%82&hhtmFrom=vacancy_search_list
Программист 1С (Центр информационных технологий),Томский государственный архитектурно-строительный университет,Не указана,https://tomsk.hh.ru/vacancy/102320415?query=%D0%BF%D1%80%D0%BE%D0%B3%D1%80%D0%B0%D0%BC%D0%BC%D0%B8%D1%81%D1%82&hhtmFrom=vacancy_search_list
Backend-разработчик Middle/Middle+,BESTTOOLBARS,Не указана,https://tomsk.hh.ru/vacancy/110335400?query=%D0%BF%D1%80%D0%BE%D0%B3%D1%80%D0%B0%D0%BC%D0%BC%D0%B8%D1%81%D1%82&hhtmFrom=vacancy_search_list
Программист-аналитик,"ЛАМА, Группа компаний",Не указана,https://tomsk.hh.ru/vacancy/110191916?query=%D0%BF%D1%80%D0%BE%D0%B3%D1%80%D0%B0%D0%BC%D0%BC%D0%B8%D1%81%D1%82&hhtmFrom=vacancy_search_list
Middle C# Developer,IQsоft,Не указана,https://tomsk.hh.ru/vacancy/107902304?query=%D0%BF%D1%80%D0%BE%D0%B3%D1%80%D0%B0%D0%BC%D0%BC%D0%B8%D1%81%D1%82&hhtmFrom=vacancy_search_list
"Python-разработчик (middle+,senior)",Galileo Labs,Не указана,https://tomsk.hh.ru/vacancy/109036929?query=%D0%BF%D1%80%D0%BE%D0%B3%D1%80%D0%B0%D0%BC%D0%BC%D0%B8%D1%81%D1%82&hhtmFrom=vacancy_search_list
Программист Backend Python (ML) + GO,Neo Stack Technology,Не указана,https://tomsk.hh.ru/vacancy/110338871?query=%D0%BF%D1%80%D0%BE%D0%B3%D1%80%D0%B0%D0%BC%D0%BC%D0%B8%D1%81%D1%82&hhtmFrom=vacancy_search_list
Java-разработчик,Galileo Labs,Не указана,https://tomsk.hh.ru/vacancy/109220879?query=%D0%BF%D1%80%D0%BE%D0%B3%D1%80%D0%B0%D0%BC%D0%BC%D0%B8%D1%81%D1%82&hhtmFrom=vacancy_search_list
Backend-разработчик Python,ПАО «Газпром нефть» ИТ,Не указана,https://tomsk.hh.ru/vacancy/110195472?query=%D0%BF%D1%80%D0%BE%D0%B3%D1%80%D0%B0%D0%BC%D0%BC%D0%B8%D1%81%D1%82&hhtmFrom=vacancy_search_list
Инженер-программист АСУ ТП,ООО ГК БИТ,Не указана,https://tomsk.hh.ru/vacancy/110375363?query=%D0%BF%D1%80%D0%BE%D0%B3%D1%80%D0%B0%D0%BC%D0%BC%D0%B8%D1%81%D1%82&hhtmFrom=vacancy_search_list
Junior+ Unity developer,InlyIT,Не указана,https://tomsk.hh.ru/vacancy/81332498?query=%D0%BF%D1%80%D0%BE%D0%B3%D1%80%D0%B0%D0%BC%D0%BC%D0%B8%D1%81%D1%82&hhtmFrom=vacancy_search_list
Java Game Developer (Математик),Siberteam,Не указана,https://tomsk.hh.ru/vacancy/110193273?query=%D0%BF%D1%80%D0%BE%D0%B3%D1%80%D0%B0%D0%BC%D0%BC%D0%B8%D1%81%D1%82&hhtmFrom=vacancy_search_list
Backend-разработчик PHP 1С-Битрикс в офис,ООО Красная рамка,Не указана,https://tomsk.hh.ru/vacancy/103702565?query=%D0%BF%D1%80%D0%BE%D0%B3%D1%80%D0%B0%D0%BC%D0%BC%D0%B8%D1%81%D1%82&hhtmFrom=vacancy_search_list
Системный аналитик в IT (Стажер),ilink,Не указана,https://tomsk.hh.ru/vacancy/110267140?query=%D0%BF%D1%80%D0%BE%D0%B3%D1%80%D0%B0%D0%BC%D0%BC%D0%B8%D1%81%D1%82&hhtmFrom=vacancy_search_list
"Web-программист/разработчик (Yii2, Laravel)",ООО Центр Семейной Медицины,Не указана,https://tomsk.hh.ru/vacancy/108360002?query=%D0%BF%D1%80%D0%BE%D0%B3%D1%80%D0%B0%D0%BC%D0%BC%D0%B8%D1%81%D1%82&hhtmFrom=vacancy_search_list
Backend-разработчик (PHP/Yii2),ООО Красная рамка,Не указана,https://tomsk.hh.ru/vacancy/103702533?query=%D0%BF%D1%80%D0%BE%D0%B3%D1%80%D0%B0%D0%BC%D0%BC%D0%B8%D1%81%D1%82&hhtmFrom=vacancy_search_list
C# разработчик (WPF),Антереал,Не указана,https://tomsk.hh.ru/vacancy/105285346?query=%D0%BF%D1%80%D0%BE%D0%B3%D1%80%D0%B0%D0%BC%D0%BC%D0%B8%D1%81%D1%82&hhtmFrom=vacancy_search_list
.NET Разработчик,Т-Банк,Не указана,https://tomsk.hh.ru/vacancy/91309389?query=%D0%BF%D1%80%D0%BE%D0%B3%D1%80%D0%B0%D0%BC%D0%BC%D0%B8%D1%81%D1%82&hhtmFrom=vacancy_search_list
Android-разработчик,АО ИнфоТеКС,Не указана,https://tomsk.hh.ru/vacancy/108497374?query=%D0%BF%D1%80%D0%BE%D0%B3%D1%80%D0%B0%D0%BC%D0%BC%D0%B8%D1%81%D1%82&hhtmFrom=vacancy_search_list
